{
  "halfPiOffset": 110,
  "sampleRate": 44100,
  "imbalance": 0.99809,
  "samplesPerCycle": 440,
  "frequency": 100.23,
  "cyclesPerBurst": 50,
  "firstBurst": {
    "left": [
      -15241.538451203669,
      5025.47124609539
    ],
    "right": [
      0.3936535545626862,
      3.8122374154838066
    ]
  },
  "silentBurst": {
    "left": [
      -0.3904074959783818,
      0.14346614922872913
    ],
    "right": [
      -0.1078045297704762,
      0.3818463960001709
    ]
  },
  "secondBurst": {
    "left": [
      -1525.8936092473336,
      493.64475117789965
    ],
    "right": [
      -0.5518637406710671,
      1.7002684787842322
    ]
  }
}
